Mayo Acme Cars of Mesa;182 2nd Avenue;Mesa;AZ;95077;
Mcgrath Acme Cars of Mesa;714 Water Street;Mesa;AZ;64510;
Osborne Acme Cars of Virginia Beach;321 Durham Road;Virginia Beach;VA;18186;
Riddle Acme Cars of Virginia Beach;792 Route 1;Virginia Beach;VA;95933;
Greer Acme Cars of Virginia Beach;986 Division Street;Virginia Beach;VA;37978;
Vazquez Acme Cars of Virginia Beach;438 Academy Street;Virginia Beach;VA;33017;
Wise Acme Cars of Virginia Beach;577 Clinton Street;Virginia Beach;VA;61131;
Martin Acme Cars of Atlanta;981 Ridge Avenue;Atlanta;GA;59525;
Sweeney Acme Cars of Atlanta;167 Laurel Street;Atlanta;GA;28134;
Herrera Acme Cars of Atlanta;538 Church Street;Atlanta;GA;87697;
Washington Acme Cars of Atlanta;120 Durham Road;Atlanta;GA;82173;
Meyers Acme Cars of Atlanta;528 Route 10;Atlanta;GA;58015;
Little Acme Cars of Colorado Springs;387 Adams Street;Colorado Springs;CO;96067;
Hayden Acme Cars of Colorado Springs;432 Heather Lane;Colorado Springs;CO;29615;
Yates Acme Cars of Colorado Springs;963 Grant Street;Colorado Springs;CO;90045;
Mccall Acme Cars of Colorado Springs;137 Water Street;Colorado Springs;CO;84372;
Rose Acme Cars of Colorado Springs;257 5th Street West;Colorado Springs;CO;15161;
Gomez Acme Cars of Omaha;596 Brookside Drive;Omaha;NE;39906;
Castillo Acme Cars of Omaha;428 Union Street;Omaha;NE;20143;
Greene Acme Cars of Omaha;648 Hillside Avenue;Omaha;NE;12112;
Ellison Acme Cars of Omaha;143 Wood Street;Omaha;NE;30111;
Mason Acme Cars of Omaha;246 Elm Street;Omaha;NE;34127;
Hardin Acme Cars of Raleigh;281 Holly Drive;Raleigh;NC;61026;
Bautista Acme Cars of Raleigh;349 5th Street North;Raleigh;NC;84640;
Rasmussen Acme Cars of Raleigh;971 School Street;Raleigh;NC;95476;
Reeves Acme Cars of Raleigh;289 5th Avenue;Raleigh;NC;95606;
Reilly Acme Cars of Raleigh;825 Warren Street;Raleigh;NC;33784;
Flowers Acme Cars of Laval;888 Bridge Street;Laval;QC;3F8Q5;
Berger Acme Cars of Laval;330 Durham Road;Laval;QC;7N8R4;
Hall Acme Cars of Laval;353 Warren Street;Laval;QC;4V4I1;
Mcdowell Acme Cars of Laval;313 New Street;Laval;QC;7T0K5;
Delgado Acme Cars of Laval;986 Belmont Avenue;Laval;QC;1Y6I1;
Webster Acme Cars of Miami;784 4th Street North;Miami;FL;96327;
Wall Acme Cars of Miami;474 4th Street;Miami;FL;89112;
Pennington Acme Cars of Miami;625 Laurel Street;Miami;FL;82307;
Orr Acme Cars of Miami;476 Bridge Street;Miami;FL;77123;
Thornton Acme Cars of Miami;837 Hillcrest Drive;Miami;FL;60919;
Oliver Acme Cars of Oakland;821 Durham Road;Oakland;CA;97349;
Hatfield Acme Cars of Oakland;631 Primrose Lane;Oakland;CA;67035;
Thornton Acme Cars of Oakland;537 Brookside Drive;Oakland;CA;63198;
Meyer Acme Cars of Oakland;635 Court Street;Oakland;CA;24127;
Rangel Acme Cars of Oakland;284 2nd Avenue;Oakland;CA;50056;
Ellis Acme Cars of Halifax;184 7th Street;Halifax;NS;0M5V8;
Kent Acme Cars of Halifax;274 Cedar Street;Halifax;NS;2X6K1;
Spears Acme Cars of Halifax;618 Summit Street;Halifax;NS;2O7X1;
Estrada Acme Cars of Halifax;243 Williams Street;Halifax;NS;4Q2Y4;
Lloyd Acme Cars of Halifax;390 2nd Avenue;Halifax;NS;3S6L6;
Riddle Acme Cars of Minneapolis;238 Division Street;Minneapolis;MN;71280;
Hardy Acme Cars of Minneapolis;670 Cedar Street;Minneapolis;MN;88188;
Ponce Acme Cars of Minneapolis;343 River Street;Minneapolis;MN;98505;
Riggs Acme Cars of Minneapolis;887 James Street;Minneapolis;MN;51393;
Hernandez Acme Cars of Minneapolis;805 Franklin Avenue;Minneapolis;MN;56807;
Keith Acme Cars of Tulsa;368 4th Street West;Tulsa;OK;29645;
Figueroa Acme Cars of Tulsa;749 Lakeview Drive;Tulsa;OK;62303;
Ingram Acme Cars of Tulsa;474 Maple Avenue;Tulsa;OK;21359;
Gould Acme Cars of Tulsa;520 Fairview Avenue;Tulsa;OK;94306;
Mcpherson Acme Cars of Tulsa;809 Spruce Street;Tulsa;OK;11785;
Hahn Acme Cars of Cleveland;802 Ridge Road;Cleveland;OH;28439;
Woodward Acme Cars of Cleveland;769 Warren Street;Cleveland;OH;62665;
Krause Acme Cars of Cleveland;946 Lafayette Avenue;Cleveland;OH;81392;
Williamson Acme Cars of Cleveland;351 Hilltop Road;Cleveland;OH;51164;
Gould Acme Cars of Cleveland;470 Hilltop Road;Cleveland;OH;75356;
Lin Acme Cars of Wichita;474 Park Avenue;Wichita;KS;71493;
Barr Acme Cars of Wichita;684 Washington Avenue;Wichita;KS;97831;
Keller Acme Cars of Wichita;846 James Street;Wichita;KS;21097;
Carson Acme Cars of Wichita;245 Riverside Drive;Wichita;KS;26338;
Marquez Acme Cars of Wichita;304 Center Street;Wichita;KS;35294;
Strickland Acme Cars of London;174 3rd Street;London;ON;5D5D3;
Lyons Acme Cars of London;642 Church Street;London;ON;6V0M2;
Shepherd Acme Cars of London;248 Center Street;London;ON;7I6C5;
Baird Acme Cars of London;686 Durham Road;London;ON;1T0W2;
Ortega Acme Cars of London;838 South Street;London;ON;3Y7N3;
Wu Acme Cars of Arlington;487 Bridge Street;Arlington;TX;51620;
Graham Acme Cars of Arlington;332 Park Street;Arlington;TX;17000;
Farmer Acme Cars of Arlington;376 King Street;Arlington;TX;51493;
Vang Acme Cars of Arlington;947 East Street;Arlington;TX;22297;
Austin Acme Cars of Arlington;601 Church Road;Arlington;TX;38194;
Wilkinson Acme Cars of New Orleans;658 James Street;New Orleans;LA;50193;
Buchanan Acme Cars of New Orleans;986 Academy Street;New Orleans;LA;76069;
Elliott Acme Cars of New Orleans;399 South Street;New Orleans;LA;14354;
Macias Acme Cars of New Orleans;866 Park Drive;New Orleans;LA;17600;
Graham Acme Cars of New Orleans;300 Lakeview Drive;New Orleans;LA;90692;
Marquez Acme Cars of Bakersfield;954 Hillside Avenue;Bakersfield;CA;92535;
Rich Acme Cars of Bakersfield;379 Charles Street;Bakersfield;CA;39473;
Conway Acme Cars of Bakersfield;417 Willow Street;Bakersfield;CA;50266;
Figueroa Acme Cars of Bakersfield;500 Cedar Street;Bakersfield;CA;14894;
Mejia Acme Cars of Bakersfield;415 Warren Street;Bakersfield;CA;97563;
Castillo Acme Cars of Tampa;851 Church Road;Tampa;FL;22036;
Lloyd Acme Cars of Tampa;922 Locust Street;Tampa;FL;26162;
Lopez Acme Cars of Tampa;818 King Street;Tampa;FL;43761;
Galvan Acme Cars of Tampa;777 New Street;Tampa;FL;45591;
Woodard Acme Cars of Tampa;689 Berkshire Drive;Tampa;FL;70706;
Bautista Acme Cars of Honolulu;591 Laurel Lane;Honolulu;HI;60119;
Rangel Acme Cars of Honolulu;801 Ridge Avenue;Honolulu;HI;37608;
Gamble Acme Cars of Honolulu;506 6th Street North;Honolulu;HI;41743;
Fuller Acme Cars of Honolulu;771 Park Place;Honolulu;HI;13182;
Perry Acme Cars of Honolulu;452 Durham Road;Honolulu;HI;57912;
Liu Acme Cars of Aurora;818 South Street;Aurora;CO;39646;
Spears Acme Cars of Aurora;231 Surrey Lane;Aurora;CO;64680;
Kirby Acme Cars of Aurora;159 Park Avenue;Aurora;CO;93593;
